"Title","Author"
"Alessandra Koepp","Lea Gutkowski"
"Prof. Laverna Orn I","Jasmin Schulist"
"Hugh Lubowitz","Norene Streich"
"Gregg Oberbrunner","Reece Conroy"
"Dr. Maxime Hauck DDS","Joshuah Bruen"
"Mr. Alex Hills","Javonte Padberg"
"Miss Joy Cronin","Courtney Hill"
"Vern Stehr","Layne Legros"
"Dr. Mabelle Reichert PhD","Stone Schimmel"
"Parker Toy","Lucienne Klocko"
"Dock Murphy","Grace Homenick"
"Mrs. Josiane McKenzie III","Enoch Beatty"
"Miss Mona Rogahn","Hertha Lang"
"Katelynn Donnelly","Cathryn Effertz"
"Dr. Verda Roberts","Theodore Bartell"
"Prof. Jalen Powlowski","Emery Bode"
"Jaron Tromp","Juliana Goodwin"
"Mylene Corwin IV","Bailee Goyette"
"Ms. Oma Berge","Richmond Quitzon"
"Brycen Von","Jaqueline Gleason"
"Dr. Sophie Wuckert","Geraldine Quitzon"
"Tyrell Koss MD","Jovany Tremblay"
"Jayce Tillman","Stephania Gulgowski"
"Stephania Hagenes","Kaycee Weissnat"
"Ms. Treva Ritchie MD","Kristina Durgan"
"Broderick Hickle Sr.","Mitchell Wiza"
"Clark Huel","Ronaldo Dickinson"
"Prof. Celine Kulas IV","Zack Beier"
"Tessie Jerde","Tristin Toy"
"June Walter Jr.","Kiarra Schroeder"
"Shayne Senger","Jackie Bosco"
"Geovany Greenfelder","Alison Brakus"
"Kieran Kshlerin","Miles Walter"
"Caroline Wilderman","Rose Okuneva"
"Luisa Jones DVM","Kaya Farrell"
"Judd Auer","Elena Upton"
"Mabelle Hegmann","Claude McCullough"
"Vesta Reichel","Cary Wolf"
"Jesus Sauer","Justus Donnelly"
"Mckenzie Grady","Nya Gislason"
"Julianne Morissette","Demetrius McLaughlin"
"Danielle Cummerata","Dejah Kuhlman"
"Dr. Malcolm Green","Dashawn Satterfield"
"Mr. Lafayette Moen V","Diamond Schmitt"
"Dr. Jerad Carroll","Myra Murazik"
"Dr. Louisa Swaniawski","Audreanne Schuster"
"Prof. Mona Deckow II","Tyra Adams"
"Sydney Haley","Jamel Wilkinson"
"Dr. Johnathan Borer IV","Keanu Reichel"
"Lyla Hettinger","Austyn Treutel"
"Prof. Ervin Fay DDS","Deion Lehner"
"Tina Heidenreich","Queen Towne"
"Miss Myah Kautzer V","Oscar Brekke"
"Reinhold Kiehn","Garry Durgan"
"Jazlyn Bauch","Sarai Bins"
"Kelvin Kertzmann PhD","Dante Lehner"
"Ms. Jessyca Kautzer IV","Noemy Waelchi"
"Sandrine Wehner","Deanna Spencer"
"Dan Stokes","Suzanne Emard"
"Prof. Caitlyn Gislason","Kelley Doyle"
"Horacio O'Conner Sr.","Darius O'Conner"
"Mr. Isidro Kilback Sr.","Jailyn Feil"
"Retta Herzog","Weston Predovic"
"Abigail Lindgren DVM","Adaline Kris"
"Forrest Koepp","Sebastian Hill"
"Jadyn Feil","Nichole Hartmann"
"Chris Runolfsdottir","Noemie Sanford"
"Miss Geraldine Wiza III","Shayna Beahan"
"Jodie Becker PhD","Blaise Crist"
"Norris Frami","Petra Mertz"
"Blair Kertzmann","Warren Herman"
"Prof. Madaline Beer MD","Priscilla Johnston"
"Jermain King","Osvaldo Ullrich"
"Mrs. Dolly Sauer","Bernadine Rosenbaum"
"Jade Denesik","Dwight Wintheiser"
"Haylee Olson","Garett Gottlieb"
"Ed Kuhn","Angelina Wiegand"
"Boyd Runolfsson","Ed Robel"
"Junius Veum","Marie Johnson"
"Okey Rutherford","Sammie Rosenbaum"
"Mr. Marcellus Kuvalis","Freda Dare"
"Mr. Ted Feeney MD","Kamren Lockman"
"Prof. Lura Kuphal","Belle Hyatt"
"Abelardo Metz","Jay Sporer"
"Prof. Johan Yost IV","Name Fadel"
"Manuela Conn","Delia Baumbach"
"Lemuel Mann","Tyson Kertzmann"
"Vince Reynolds III","Brenda Tremblay"
"Zoie Goyette","Aditya Carroll"
"Chaz Adams MD","Merritt Medhurst"
"Eden Thiel","Korbin Veum"
"Lilly Crooks","Brenna Streich"
"Amaya Orn","Douglas Hand"
"Serena Glover","Carlie Lynch"
"Prof. John Welch DDS","Jolie Graham"
"Gus Roberts","Paxton Morar"
"Claude Walsh","Lucinda Tillman"
"Veronica Mertz I","Tavares Ankunding"
"Mr. Garry Dooley I","Toby Labadie"
"Myrtis Waelchi","Karianne Prosacco"
"How I find myself","Dr. jone stemp"
